USE Javagotchi;

# INSERT DE TIPOS DE MASCOTA
INSERT INTO TIPO_MASCOTA (tipo_mascota) VALUES
('Perro'), ('Gato'), ('Pajaro');

# INSERT DE USUARIOS
INSERT INTO USUARIO (username, contrasenia, nombre_completo, email, fecha_nac, ciudad, fecha_registro) VALUES
('usuario01', 'pass123', 'Juan Pérez', 'juan1@gmail.com', '1990-05-15', 'Madrid', '2024-02-01'),
('usuario02', 'pass123', 'Laura Gómez', 'laura2@hotmail.com', '1988-11-22', 'Sevilla', '2022-12-13'),
('usuario03', 'pass123', 'Carlos Ruiz', 'carlos3@correo.com', '1995-08-09', 'Valencia', '2019-01-14'),
('usuario04', 'pass123', 'Ana López', 'ana4@gmail.com', '1992-12-30', 'Bilbao', '2023-06-23'),
('usuario05', 'pass123', 'Pedro Díaz', 'pedro5@gmail.com', '1987-07-01', 'Zaragoza', '2024-12-23'),
('usuario06', 'pass123', 'Sofía Sánchez', 'sofia6@gmail.com', '1993-01-20', 'Granada', '2020-11-17'),
('usuario07', 'pass123', 'Miguel Torres', 'miguel7@hotmail.com', '1999-04-17', 'Alicante', '2021-03-28'),
('usuario08', 'pass123', 'Elena Vidal', 'elena8@gmail.com', '1991-06-13', 'Murcia', '2023-07-12'),
('usuario09', 'pass123', 'Jorge Herrera', 'jorge9@gmail.com', '1994-10-10', 'Valladolid', '2025-02-09'),
('usuario10', 'pass123', 'Lucía Romero', 'lucia10@udemy.com', '1996-03-25', 'Santander', '2018-09-18'),
('robertskrr', '12345', 'Robert Esquerre', 'robertskrr@gmail.com', '2000-12-03', 'Sevilla', '2023-04-24'),
('jelenmcz', 'contraseña', 'Elena Márquez', 'elenamaca00@gmail.com', '2000-07-21', 'Sevilla', '2024-01-13');

# INSERT DE MASCOTAS
INSERT INTO MASCOTA (nombre, username_duenio, tipo_mascota, color, sexo, fecha_creacion, nutricion, limpieza, felicidad) VALUES
('Firulais', 'usuario01', 'Perro', 'ROJO', 'MACHO', '2024-04-02', 7, 6, 8),
('Bigotes', 'usuario01', 'Gato', 'VERDE', 'HEMBRA', '2025-02-15', 5, 7, 6),
('Piquito', 'usuario01', 'Pajaro', 'MORADO', 'MACHO', '2025-02-24', 6, 8, 7),

('Toby', 'usuario02', 'Perro', 'AMARILLO', 'MACHO', '2022-12-14', 8, 5, 7),
('Misu', 'usuario02', 'Gato', 'ROJO', 'HEMBRA', '2024-01-03', 6, 7, 6),
('Alita', 'usuario02', 'Pajaro', 'CIAN', 'HEMBRA', '2025-03-08', 5, 6, 8),

('Rex', 'usuario03', 'Perro', 'VERDE', 'MACHO', '2019-01-20', 9, 9, 9),
('Pelusa', 'usuario03', 'Gato', 'AMARILLO', 'HEMBRA', '2019-03-02', 7, 6, 6),
('Trino', 'usuario03', 'Pajaro', 'ROJO', 'MACHO', '2020-05-12', 6, 8, 7),

('Bruno', 'usuario04', 'Perro', 'ROJO', 'MACHO', '2023-06-24', 6, 7, 5),
('Mimi', 'usuario04', 'Gato', 'MORADO', 'HEMBRA', '2023-07-10', 5, 6, 7),
('Coco', 'usuario04', 'Pajaro', 'AZUL', 'MACHO', '2024-08-05', 8, 7, 8),

('Simba', 'usuario05', 'Perro', 'AMARILLO', 'MACHO', '2025-02-23', 7, 8, 7),
('Luna', 'usuario05', 'Gato', 'ROJO', 'HEMBRA', '2025-01-25', 6, 5, 6),
('Kiko', 'usuario05', 'Pajaro', 'VERDE', 'HEMBRA', '2025-01-29', 9, 8, 9),

('Thor', 'usuario06', 'Perro', 'AZUL', 'MACHO', '2020-11-18', 5, 7, 6),
('Nina', 'usuario06', 'Gato', 'AMARILLO', 'HEMBRA', '2020-12-02', 6, 6, 7),
('Pipo', 'usuario06', 'Pajaro', 'ROJO', 'MACHO', '2022-01-15', 7, 9, 8),

('Duke', 'usuario07', 'Perro', 'ROJO', 'MACHO', '2021-03-29', 8, 5, 8),
('Kitty', 'usuario07', 'Gato', 'VERDE', 'HEMBRA', '2024-04-10', 4, 6, 5),
('Pluma', 'usuario07', 'Pajaro', 'CIAN', 'MACHO', '2025-03-03', 6, 7, 8),

('Max', 'usuario08', 'Perro', 'AMARILLO', 'MACHO', '2023-07-12', 6, 6, 7),
('Lala', 'usuario08', 'Gato', 'ROJO', 'HEMBRA', '2023-07-14', 7, 8, 8),
('Rayo', 'usuario08', 'Pajaro', 'VERDE', 'HEMBRA', '2023-08-01', 5, 6, 6),

('Leo', 'usuario09', 'Perro', 'MORADO', 'MACHO', '2025-02-10', 8, 7, 7),
('Sombra', 'usuario09', 'Gato', 'AMARILLO', 'HEMBRA', '2025-03-15', 6, 5, 8),
('Chipi', 'usuario09', 'Pajaro', 'ROJO', 'MACHO', '2025-04-01', 7, 9, 8),

('Tango', 'usuario10', 'Perro', 'ROJO', 'MACHO', '2018-09-19', 7, 7, 7),
('Kira', 'usuario10', 'Gato', 'VERDE', 'HEMBRA', '2019-10-10', 6, 6, 7),
('Jazz', 'usuario10', 'Pajaro', 'AZUL', 'HEMBRA', '2023-11-02', 5, 7, 7),
('Mango', 'usuario10', 'Pajaro', 'AMARILLO', 'MACHO', '2024-12-02', 3, 4, 4),

('Rufo', 'robertskrr', 'Perro', 'AMARILLO', 'MACHO', '2024-03-11', 8, 7, 8),
('Yiyi', 'robertskrr', 'Gato', 'AZUL', 'HEMBRA', '2024-03-23', 7, 6, 7),
('Flauta', 'robertskrr', 'Pajaro', 'CIAN', 'MACHO', '2024-02-12', 6, 8, 6),
('Qwerty', 'robertskrr', 'Perro', 'ROJO', 'MACHO', '2024-01-01', 7, 4, 5),

('Rocky', 'jelenmcz', 'Perro', 'ROJO', 'MACHO', '2024-01-15', 7, 6, 8),
('Jagger', 'jelenmcz', 'Gato', 'AMARILLO', 'HEMBRA', '2024-01-20', 6, 7, 6),
('Luli', 'jelenmcz', 'Pajaro', 'MORADO', 'HEMBRA', '2024-02-03', 8, 8, 7);

# INSERT DE COMIDAS
INSERT INTO COMIDA (cod_comida, descripcion, tipo_mascota, nutricion_aportada, felicidad_aportada) VALUES
('C001', 'Croquetas sabrosas', 'Perro', 3, 1),
('C002', 'Hueso relleno', 'Perro', 4, 2),
('C003', 'Lata gourmet', 'Perro', 5, 3),
('C004', 'Whiskas', 'Gato', 3, 2),
('C005', 'Atún en lata', 'Gato', 4, 3),
('C006', 'Snack crujiente', 'Gato', 2, 1),
('C007', 'Semillas mixtas', 'Pajaro', 3, 1),
('C008', 'Frutas frescas', 'Pajaro', 4, 2),
('C009', 'Néctar especial', 'Pajaro', 5, 3);

# INSERT DE JUEGOS
INSERT INTO JUEGO (cod_juego, descripcion, tipo_mascota, nutricion_disminuida, limpieza_disminuida, felicidad_aportada) VALUES
('J001', 'Buscar la pelota', 'Perro', 2, 1, 2),
('J002', 'Atrapa el palo', 'Perro', 3, 2, 3),
('J003', 'Carrera en el parque', 'Perro', 4, 3, 4),
('J004', 'Persigue el láser', 'Gato', 2, 1, 3),
('J005', 'Cazar la pluma', 'Gato', 3, 2, 2),
('J006', 'Trepar al rascador', 'Gato', 1, 1, 1),
('J007', 'Cantar con música', 'Pajaro', 1, 0, 2),
('J008', 'Volar por la jaula', 'Pajaro', 2, 1, 3),
('J009', 'Baile con ritmo', 'Pajaro', 3, 2, 4);

# INSERT DE REGISTROS DE ALIMENTACIÓN
INSERT INTO REGISTRO_ALIMENTACION (cod_comida, id_mascota, fecha_hora) VALUES
-- Perros
('C002', 1, '2025-03-03 10:12:00'), ('C003', 1, '2025-03-28 19:45:00'), ('C001', 1, '2025-04-05 07:30:00'), ('C003', 1, '2025-04-06 22:10:00'),
('C001', 4, '2025-02-12 15:20:00'), ('C003', 4, '2025-03-26 06:40:00'), ('C002', 4, '2025-04-01 20:15:00'), ('C001', 4, '2025-04-06 11:50:00'),
('C003', 7, '2025-03-21 12:00:00'), ('C001', 7, '2025-04-01 16:50:00'), ('C002', 7, '2025-04-03 09:45:00'), ('C002', 7, '2025-04-05 14:10:00'),
('C001', 10, '2025-03-15 08:35:00'), ('C003', 10, '2025-04-02 18:25:00'), ('C002', 10, '2025-03-27 13:55:00'), ('C003', 10, '2025-04-06 10:00:00'),
('C002', 13, '2025-03-31 07:20:00'), ('C001', 13, '2025-04-01 14:35:00'), ('C003', 13, '2025-04-04 21:00:00'), ('C001', 13, '2025-04-06 19:15:00'),
('C001', 16, '2025-03-24 09:00:00'), ('C003', 16, '2025-04-01 20:00:00'), ('C002', 16, '2025-04-03 12:25:00'), ('C002', 16, '2025-04-07 15:10:00'),
('C003', 19, '2025-03-22 11:05:00'), ('C001', 19, '2025-04-02 17:45:00'), ('C002', 19, '2025-04-03 08:10:00'), ('C001', 19, '2025-04-06 22:30:00'),
('C002', 22, '2025-03-20 16:15:00'), ('C001', 22, '2025-04-01 07:00:00'), ('C003', 22, '2025-04-03 18:40:00'), ('C002', 22, '2025-04-04 13:00:00'),
('C001', 25, '2025-03-30 08:25:00'), ('C002', 25, '2025-04-02 10:10:00'), ('C003', 25, '2025-04-03 15:45:00'), ('C001', 25, '2025-04-06 12:50:00'),
('C003', 28, '2025-03-19 13:40:00'), ('C002', 28, '2025-04-02 07:35:00'), ('C001', 28, '2025-04-03 09:25:00'), ('C003', 28, '2025-04-05 11:15:00'),
('C001', 32, '2025-03-29 16:00:00'), ('C002', 32, '2025-04-01 19:30:00'), ('C003', 32, '2025-04-03 08:30:00'), ('C001', 32, '2025-04-06 14:20:00'),
('C003', 35, '2025-03-17 10:50:00'), ('C001', 35, '2025-04-01 11:00:00'), ('C002', 35, '2025-04-03 17:25:00'), ('C003', 35, '2025-04-06 16:45:00'),
('C002', 36, '2025-03-18 18:30:00'), ('C003', 36, '2025-04-01 12:45:00'), ('C001', 36, '2025-04-03 19:10:00'), ('C002', 36, '2025-04-05 20:30:00'),
-- Gatos
('C004', 2, '2025-03-31 07:48:00'), ('C005', 2, '2025-04-01 14:15:00'), ('C006', 2, '2025-04-02 20:03:00'), ('C004', 2, '2025-04-03 09:37:00'),
('C004', 5, '2025-03-30 11:22:00'), ('C005', 5, '2025-04-01 16:35:00'), ('C006', 5, '2025-04-03 18:58:00'), ('C004', 5, '2025-04-04 10:40:00'),
('C004', 8, '2025-03-29 08:00:00'), ('C005', 8, '2025-03-31 15:27:00'), ('C006', 8, '2025-04-01 21:42:00'), ('C004', 8, '2025-04-02 17:55:00'),
('C004', 11, '2025-03-28 10:18:00'), ('C005', 11, '2025-03-30 18:49:00'), ('C006', 11, '2025-04-01 09:10:00'), ('C004', 11, '2025-04-03 11:32:00'),
('C004', 14, '2025-03-30 07:59:00'), ('C005', 14, '2025-03-31 12:42:00'), ('C006', 14, '2025-04-02 19:05:00'), ('C004', 14, '2025-04-04 08:53:00'),
('C004', 17, '2025-03-29 09:14:00'), ('C005', 17, '2025-04-01 16:38:00'), ('C006', 17, '2025-04-02 20:30:00'), ('C004', 17, '2025-04-03 23:44:00'),
('C004', 20, '2025-03-31 10:07:00'), ('C005', 20, '2025-04-01 09:29:00'), ('C006', 20, '2025-04-02 14:33:00'), ('C004', 20, '2025-04-04 08:11:00'),
('C004', 23, '2025-03-28 08:06:00'), ('C005', 23, '2025-03-30 20:33:00'), ('C006', 23, '2025-04-01 22:27:00'), ('C004', 23, '2025-04-03 12:05:00'),
('C004', 26, '2025-03-29 10:19:00'), ('C005', 26, '2025-03-31 11:44:00'), ('C006', 26, '2025-04-02 09:17:00'), ('C004', 26, '2025-04-04 14:26:00'),
('C004', 29, '2025-03-30 08:20:00'), ('C005', 29, '2025-04-01 13:01:00'), ('C006', 29, '2025-04-02 21:49:00'), ('C004', 29, '2025-04-03 16:55:00'),
('C004', 33, '2025-03-28 07:57:00'), ('C005', 33, '2025-03-30 19:18:00'), ('C006', 33, '2025-04-01 08:37:00'), ('C004', 33, '2025-04-04 10:22:00'),
('C004', 37, '2025-03-31 11:40:00'), ('C005', 37, '2025-04-01 20:04:00'), ('C006', 37, '2025-04-02 09:11:00'), ('C004', 37, '2025-04-03 15:33:00'),
-- Pájaros
('C007', 3, '2025-04-01 07:45:00'), ('C008', 3, '2025-04-02 15:30:00'), ('C009', 3, '2025-04-03 21:00:00'), ('C007', 3, '2025-04-04 10:12:00'),
('C007', 6, '2025-04-01 10:00:00'), ('C008', 6, '2025-04-02 18:45:00'), ('C009', 6, '2025-04-03 22:10:00'), ('C007', 6, '2025-04-04 09:23:00'),
('C007', 9, '2025-04-01 12:15:00'), ('C008', 9, '2025-04-02 17:00:00'), ('C009', 9, '2025-04-03 19:45:00'), ('C007', 9, '2025-04-04 08:35:00'),
('C007', 12, '2025-04-01 14:25:00'), ('C008', 12, '2025-04-02 20:05:00'), ('C009', 12, '2025-04-03 09:40:00'), ('C007', 12, '2025-04-04 11:30:00'),
('C007', 15, '2025-04-01 16:40:00'), ('C008', 15, '2025-04-02 12:30:00'), ('C009', 15, '2025-04-03 18:15:00'), ('C007', 15, '2025-04-04 13:05:00'),
('C007', 18, '2025-04-01 08:50:00'), ('C008', 18, '2025-04-02 16:25:00'), ('C009', 18, '2025-04-03 22:50:00'), ('C007', 18, '2025-04-04 14:20:00'),
('C007', 21, '2025-04-01 19:05:00'), ('C008', 21, '2025-04-02 20:40:00'), ('C009', 21, '2025-04-03 12:55:00'), ('C007', 21, '2025-04-04 16:30:00'),
('C007', 24, '2025-04-01 21:30:00'), ('C008', 24, '2025-04-02 14:15:00'), ('C009', 24, '2025-04-03 23:40:00'), ('C007', 24, '2025-04-04 10:55:00'),
('C007', 27, '2025-04-01 09:25:00'), ('C008', 27, '2025-04-02 11:50:00'), ('C009', 27, '2025-04-03 14:05:00'), ('C007', 27, '2025-04-04 17:10:00'),
('C007', 30, '2025-04-01 08:10:00'), ('C008', 30, '2025-04-02 13:40:00'), ('C009', 30, '2025-04-03 16:25:00'), ('C007', 30, '2025-04-04 18:00:00'),
('C007', 31, '2025-04-01 10:55:00'), ('C008', 31, '2025-04-02 19:15:00'), ('C009', 31, '2025-04-03 07:50:00'), ('C007', 31, '2025-04-04 09:40:00'),
('C007', 34, '2025-04-01 15:20:00'), ('C008', 34, '2025-04-02 08:30:00'), ('C009', 34, '2025-04-03 13:10:00'), ('C007', 34, '2025-04-04 12:45:00'),
('C007', 38, '2025-04-01 17:00:00'), ('C008', 38, '2025-04-02 22:05:00'), ('C009', 38, '2025-04-03 10:20:00'), ('C007', 38, '2025-04-04 14:35:00');

# INSERT REGISTRO JUEGOS
INSERT INTO REGISTRO_JUEGO (cod_juego, id_mascota, fecha_hora) VALUES
-- Perros
('J001', 1, '2025-03-03 10:00:00'), ('J002', 1, '2025-03-15 17:30:00'), ('J003', 1, '2025-04-02 08:45:00'),
('J003', 4, '2025-03-20 09:10:00'), ('J001', 4, '2025-03-25 14:00:00'), ('J002', 4, '2025-04-04 18:00:00'),
('J003', 7, '2025-03-22 16:15:00'), ('J001', 7, '2025-04-01 14:30:00'), ('J002', 7, '2025-04-05 11:20:00'),
('J001', 10, '2025-03-15 12:30:00'), ('J003', 10, '2025-03-28 19:00:00'), ('J002', 10, '2025-04-01 16:00:00'),
('J002', 13, '2025-03-30 14:45:00'), ('J003', 13, '2025-04-02 09:10:00'), ('J001', 13, '2025-04-05 12:00:00'),
('J001', 16, '2025-03-25 13:30:00'), ('J002', 16, '2025-03-28 16:00:00'), ('J003', 16, '2025-04-01 08:15:00'),
('J001', 19, '2025-03-19 14:00:00'), ('J003', 19, '2025-03-25 18:20:00'), ('J002', 19, '2025-04-01 10:30:00'),
('J003', 22, '2025-03-22 10:25:00'), ('J002', 22, '2025-03-25 12:30:00'), ('J001', 22, '2025-04-05 19:15:00'),
('J001', 25, '2025-03-19 10:10:00'), ('J003', 25, '2025-03-30 16:50:00'), ('J002', 25, '2025-04-01 07:45:00'),
('J002', 28, '2025-03-20 15:10:00'), ('J001', 28, '2025-03-27 10:00:00'), ('J003', 28, '2025-04-04 20:10:00'),
('J001', 32, '2025-03-28 09:45:00'), ('J003', 32, '2025-04-02 12:50:00'), ('J002', 32, '2025-04-04 11:30:00'),
('J002', 35, '2025-03-19 17:00:00'), ('J003', 35, '2025-03-24 18:30:00'), ('J001', 35, '2025-04-01 15:20:00'),
('J003', 36, '2025-03-18 14:50:00'), ('J001', 36, '2025-03-24 08:00:00'), ('J002', 36, '2025-04-04 14:00:00'),
-- Gatos
('J004', 2, '2025-03-21 16:15:00'), ('J005', 2, '2025-03-27 14:30:00'), ('J006', 2, '2025-04-01 09:00:00'),
('J004', 5, '2025-03-24 17:40:00'), ('J005', 5, '2025-03-28 11:50:00'), ('J006', 5, '2025-04-02 19:30:00'),
('J004', 8, '2025-03-20 09:15:00'), ('J005', 8, '2025-03-29 10:00:00'), ('J006', 8, '2025-04-01 13:25:00'),
('J004', 11, '2025-03-18 11:50:00'), ('J005', 11, '2025-03-30 12:00:00'), ('J006', 11, '2025-04-02 14:20:00'),
('J004', 14, '2025-03-26 17:30:00'), ('J005', 14, '2025-03-29 19:40:00'), ('J005', 14, '2025-04-03 08:30:00'),
('J005', 17, '2025-03-22 13:50:00'), ('J004', 17, '2025-03-26 12:45:00'), ('J005', 17, '2025-04-02 11:10:00'),
('J004', 20, '2025-03-25 15:20:00'), ('J005', 20, '2025-03-28 19:00:00'), ('J006', 20, '2025-04-01 07:50:00'),
('J004', 23, '2025-03-22 10:15:00'), ('J005', 23, '2025-03-28 18:30:00'), ('J006', 23, '2025-04-01 21:10:00'),
('J004', 26, '2025-03-24 16:00:00'), ('J005', 26, '2025-03-30 09:00:00'), ('J006', 26, '2025-04-03 10:25:00'),
('J005', 29, '2025-03-19 17:30:00'), ('J005', 29, '2025-03-25 11:50:00'), ('J006', 29, '2025-04-01 16:45:00'),
('J004', 33, '2025-03-23 10:10:00'), ('J005', 33, '2025-03-29 09:30:00'), ('J005', 33, '2025-04-02 17:10:00'),
('J004', 37, '2025-03-26 14:30:00'), ('J005', 37, '2025-03-29 11:20:00'), ('J006', 37, '2025-04-03 13:00:00'),
-- Pájaros
('J007', 3, '2025-04-01 07:50:00'), ('J008', 3, '2025-04-02 10:30:00'), ('J009', 3, '2025-04-03 12:20:00'),
('J007', 6, '2025-04-01 11:00:00'), ('J007', 6, '2025-04-02 16:00:00'), ('J008', 6, '2025-04-03 17:30:00'),
('J007', 9, '2025-04-01 14:15:00'), ('J008', 9, '2025-04-02 19:40:00'), ('J007', 9, '2025-04-03 20:10:00'),
('J007', 12, '2025-04-01 08:30:00'), ('J009', 12, '2025-04-02 12:00:00'), ('J007', 12, '2025-04-03 19:00:00'),
('J007', 15, '2025-04-01 16:20:00'), ('J008', 15, '2025-04-02 14:10:00'), ('J009', 15, '2025-04-03 16:50:00'),
('J007', 18, '2025-04-01 09:30:00'), ('J008', 18, '2025-04-02 13:50:00'), ('J009', 18, '2025-04-03 18:30:00'),
('J009', 21, '2025-04-01 11:40:00'), ('J007', 21, '2025-04-02 15:00:00'), ('J007', 21, '2025-04-03 17:40:00'),
('J009', 24, '2025-04-01 08:40:00'), ('J008', 24, '2025-04-02 14:25:00'), ('J007', 24, '2025-04-03 20:50:00'),
('J007', 27, '2025-04-01 07:35:00'), ('J008', 27, '2025-04-02 11:30:00'), ('J009', 27, '2025-04-03 19:10:00'),
('J007', 30, '2025-04-01 10:20:00'), ('J008', 30, '2025-04-02 16:15:00'), ('J009', 30, '2025-04-03 20:20:00'),
('J007', 31, '2025-04-01 08:55:00'), ('J007', 31, '2025-04-02 12:15:00'), ('J008', 31, '2025-04-03 19:25:00'),
('J007', 34, '2025-04-01 15:10:00'), ('J008', 34, '2025-04-02 17:20:00'), ('J009', 34, '2025-04-03 21:30:00'),
('J007', 38, '2025-04-01 17:45:00'), ('J008', 38, '2025-04-02 18:40:00'), ('J009', 38, '2025-04-03 16:40:00');

# INSERT REGISTRO LIMPIEZA
INSERT INTO REGISTRO_LIMPIEZA (id_mascota, fecha_hora) VALUES
-- Perros
(1, '2025-03-03 12:00:00'), (1, '2025-03-15 19:30:00'), (1, '2025-04-02 10:30:00'),
(4, '2025-03-20 10:00:00'), (4, '2025-03-25 15:30:00'), (4, '2025-04-04 20:00:00'),
(7, '2025-03-22 18:00:00'), (7, '2025-04-01 15:00:00'), (7, '2025-04-05 12:00:00'),
(10, '2025-03-15 14:30:00'), (10, '2025-03-28 19:30:00'), (10, '2025-04-01 17:30:00'),
(13, '2025-03-30 17:00:00'), (13, '2025-04-02 11:00:00'), (13, '2025-04-05 13:30:00'),
(16, '2025-03-25 14:30:00'), (16, '2025-03-28 17:30:00'), (16, '2025-04-01 09:00:00'),
(19, '2025-03-19 16:00:00'), (19, '2025-03-25 19:30:00'), (19, '2025-04-01 13:00:00'),
(22, '2025-03-22 12:00:00'), (22, '2025-03-25 13:00:00'), (22, '2025-04-05 18:00:00'),
(25, '2025-03-19 12:30:00'), (25, '2025-03-30 14:30:00'), (25, '2025-04-01 08:30:00'),
(28, '2025-03-20 16:00:00'), (28, '2025-03-27 11:30:00'), (28, '2025-04-04 21:00:00'),
(32, '2025-03-28 11:30:00'), (32, '2025-04-02 13:00:00'), (32, '2025-04-04 12:30:00'),
(35, '2025-03-19 18:30:00'), (35, '2025-03-24 17:30:00'), (35, '2025-04-01 14:30:00'),
(36, '2025-03-18 15:00:00'), (36, '2025-03-24 10:30:00'), (36, '2025-04-04 15:30:00'),
-- Gatos
(2, '2025-03-21 17:00:00'), (2, '2025-03-27 15:30:00'), (2, '2025-04-01 10:30:00'),
(5, '2025-03-24 18:00:00'), (5, '2025-03-28 12:00:00'), (5, '2025-04-02 20:30:00'),
(8, '2025-03-20 11:00:00'), (8, '2025-03-29 10:30:00'), (8, '2025-04-01 14:00:00'),
(11, '2025-03-18 12:30:00'), (11, '2025-03-30 13:30:00'), (11, '2025-04-02 15:00:00'),
(14, '2025-03-26 16:30:00'), (14, '2025-03-29 20:00:00'), (14, '2025-04-03 09:00:00'),
(17, '2025-03-22 14:30:00'), (17, '2025-03-26 13:30:00'), (17, '2025-04-02 10:00:00'),
(20, '2025-03-25 16:30:00'), (20, '2025-03-28 20:30:00'), (20, '2025-04-01 09:30:00'),
(23, '2025-03-22 11:00:00'), (23, '2025-03-28 18:00:00'), (23, '2025-04-01 19:30:00'),
(26, '2025-03-24 17:30:00'), (26, '2025-03-30 09:30:00'), (26, '2025-04-03 11:30:00'),
(29, '2025-03-19 18:00:00'), (29, '2025-03-25 12:30:00'), (29, '2025-04-01 17:00:00'),
(33, '2025-03-23 12:30:00'), (33, '2025-03-29 10:30:00'), (33, '2025-04-02 18:00:00'),
(37, '2025-03-26 15:30:00'), (37, '2025-03-29 12:30:00'), (37, '2025-04-03 14:30:00'),
-- Pájaros
(3, '2025-04-01 08:00:00'), (3, '2025-04-02 11:00:00'), (3, '2025-04-03 13:00:00'),
(6, '2025-04-01 13:30:00'), (6, '2025-04-02 17:00:00'), (6, '2025-04-03 19:30:00'),
(9, '2025-04-01 16:00:00'), (9, '2025-04-02 19:00:00'), (9, '2025-04-03 20:30:00'),
(12, '2025-04-01 09:00:00'), (12, '2025-04-02 12:00:00'), (12, '2025-04-03 18:00:00'),
(15, '2025-04-01 14:00:00'), (15, '2025-04-02 15:30:00'), (15, '2025-04-03 17:00:00'),
(18, '2025-04-01 10:00:00'), (18, '2025-04-02 14:30:00'), (18, '2025-04-03 16:30:00'),
(21, '2025-04-01 12:30:00'), (21, '2025-04-02 16:00:00'), (21, '2025-04-03 18:30:00'),
(24, '2025-04-01 09:30:00'), (24, '2025-04-02 13:30:00'), (24, '2025-04-03 17:30:00'),
(27, '2025-04-01 10:30:00'), (27, '2025-04-02 14:00:00'), (27, '2025-04-03 16:00:00'),
(30, '2025-04-01 11:30:00'), (30, '2025-04-02 15:00:00'), (30, '2025-04-03 17:00:00'),
(31, '2025-04-01 13:00:00'), (31, '2025-04-02 16:30:00'), (31, '2025-04-03 19:00:00'),
(34, '2025-04-01 14:30:00'), (34, '2025-04-02 17:30:00'), (34, '2025-04-03 20:00:00'),
(38, '2025-04-01 15:30:00'), (38, '2025-04-02 18:00:00'), (38, '2025-04-03 20:30:00');